Id,Weight,Length,Width,Hardness,TempProcess,VibrationRms,Label
1,100.609,49.988,19.932,63.747,202.026,1.423,0
2,97.92,49.854,19.9,62.063,207.162,1.41,0
3,101.501,49.917,20.065,65.898,202.187,1.291,0
4,101.881,50.127,20.038,45.862,185.756,1.629,1
5,96.098,50.001,19.789,59.204,211.438,1.57,0
6,97.396,51.084,20.902,58.612,197.54,1.023,1
7,100.256,50.134,19.986,54.079,197.456,1.005,0
8,99.368,49.925,19.833,63.181,203.758,1.627,0
9,99.966,50.151,20.178,50.595,193.296,3.662,1
10,98.294,50.076,20.094,62.219,209.33,1.591,0
11,101.759,49.753,19.81,67.079,202.893,1.734,0
12,101.556,50.288,20.267,58.94,202.052,1.119,0
13,100.132,49.9,20.099,58.737,205.496,1.077,0
14,102.254,49.669,19.998,60.356,213.783,2.002,0
15,100.935,49.791,20.239,62.962,201.368,1.605,0
16,98.281,49.796,20.024,58.3,199.096,1.374,0
17,100.738,50.01,19.996,58.107,212.07,1.22,0
18,98.082,49.945,19.901,63.172,207.74,1.347,0
19,101.757,49.933,20.087,61.136,197.432,1.143,0
20,99.9,50.124,20.071,53.866,200.041,1.765,0
21,99.63,50.068,20.002,56.324,201.563,1.267,0
22,98.638,50.063,19.882,64.504,202.895,1.828,0
23,102.445,50.082,20.019,61.206,189.147,1.38,0
24,99.691,50.123,19.99,57.713,187.66,1.187,0
25,99.143,49.578,19.8,59.489,192.901,1.372,0
26,99.296,49.927,19.779,60.04,192.282,0.713,0
27,101.065,49.564,20.085,62.207,194.849,1.464,0
28,100.731,50.007,19.61,55.925,205.078,1.449,0
29,100.825,49.999,20.031,57.477,198.649,1.747,0
30,100.862,50.209,19.928,60.819,201.571,0.934,0
31,104.283,50.238,20.196,59.7,190.206,1.849,0
32,99.187,50.041,19.926,61.716,196.307,1.746,0
33,98.976,49.9,20.099,56.311,204.698,1.876,0
34,98.372,50.097,19.94,61.071,204.76,1.484,0
35,101.232,49.894,20.017,63.275,194.203,1.804,0
36,102.258,50.0,20.111,61.46,201.293,1.059,0
37,99.772,50.197,19.931,60.417,217.591,1.714,0
38,98.32,49.888,20.149,59.712,199.859,1.269,0
39,98.351,50.161,19.851,57.495,194.455,1.005,0
40,101.301,50.135,20.044,59.784,198.61,1.163,0
41,101.487,49.809,20.138,63.779,200.737,1.502,0
42,101.086,50.195,20.099,66.938,235.498,1.253,1
43,98.669,50.14,20.287,57.331,199.749,1.613,0
44,100.464,50.02,19.885,58.523,188.452,0.958,0
45,100.233,49.848,19.793,60.603,192.299,0.862,0
46,100.437,49.828,19.851,58.879,198.805,1.912,0
47,101.743,49.892,20.099,61.456,198.678,1.771,0
48,100.447,50.109,20.075,61.569,195.47,1.185,0
49,101.358,49.809,20.015,62.667,198.584,1.499,0
50,100.135,50.088,19.832,64.271,200.488,1.806,0
51,100.578,49.752,20.115,62.988,207.115,1.626,0
52,101.263,49.959,19.816,57.197,199.206,1.544,0
53,97.086,50.022,20.174,57.289,203.193,1.829,0
54,99.361,50.489,20.429,59.773,195.667,1.281,0
55,99.059,49.725,20.055,58.646,204.577,1.509,0
56,98.722,50.294,20.087,56.585,203.006,1.495,0
57,99.45,50.03,19.926,58.675,206.927,1.418,0
58,102.99,50.082,19.728,58.576,205.708,1.383,0
59,98.268,50.024,19.91,57.984,204.71,1.522,0
60,101.937,50.089,19.836,59.053,199.213,1.51,0
61,96.634,49.969,19.783,63.535,201.96,1.185,0
62,99.33,50.291,20.258,60.598,208.508,1.741,0
63,100.326,49.909,20.041,67.415,194.783,1.207,0
64,101.172,50.226,20.057,60.512,194.973,1.435,0
65,101.422,49.871,19.954,59.13,201.451,1.411,0
66,101.587,49.988,19.974,60.012,203.322,1.607,0
67,99.303,49.786,20.145,60.769,193.407,0.864,0
68,99.075,50.091,19.995,61.306,199.402,1.767,0
69,101.716,50.289,20.08,66.23,199.248,1.297,0
70,99.617,49.985,19.971,57.464,182.278,1.866,0
71,97.449,49.961,19.949,62.577,198.243,1.357,0
72,97.733,49.777,19.789,60.623,198.741,1.485,0
73,98.161,49.954,19.703,55.287,198.718,2.074,0
74,100.994,49.681,19.961,62.312,211.327,1.417,0
75,100.285,49.817,20.008,63.803,190.274,1.872,0
76,101.381,50.045,19.807,57.428,193.403,1.512,0
77,99.145,50.264,19.995,59.973,179.102,1.625,0
78,100.317,50.562,20.008,54.824,196.153,1.521,0
79,101.251,49.883,19.677,56.224,196.835,1.754,0
80,99.381,50.287,19.863,63.144,195.92,1.294,0
81,100.914,50.049,20.061,58.601,208.861,1.205,0
82,98.676,49.97,20.058,56.674,206.885,1.308,0
83,99.274,50.087,19.827,60.688,200.623,1.53,0
84,99.237,50.012,20.024,58.433,197.035,1.434,0
85,97.608,50.022,20.153,58.588,208.21,1.713,0
86,100.974,49.918,20.117,62.218,199.842,1.891,0
87,99.061,49.72,19.986,56.515,193.454,1.207,0
88,100.025,49.691,19.93,57.284,186.27,1.28,0
89,100.961,50.131,19.906,60.462,196.469,1.069,0
90,100.893,49.945,20.07,62.908,206.037,2.109,0
91,101.331,49.881,20.029,63.714,218.212,1.591,0
92,99.803,50.002,20.094,58.005,200.493,1.644,0
93,99.153,50.159,20.02,62.812,193.877,1.098,0
94,76.358,50.036,20.123,57.648,190.52,1.5,1
95,96.625,49.869,20.014,65.479,204.416,1.653,0
96,97.106,50.245,20.118,56.599,185.883,1.424,0
97,97.355,50.316,20.131,63.985,204.403,1.823,0
98,98.006,50.099,19.879,58.031,206.542,2.194,0
99,100.8,50.195,19.729,66.04,203.49,1.216,0
100,98.189,50.248,20.232,61.774,198.243,1.193,0
101,99.244,50.226,20.038,56.952,204.52,1.237,0
102,102.598,50.123,19.743,58.433,201.368,1.982,0
103,99.287,50.12,19.893,62.344,193.775,1.813,0
104,101.475,50.104,20.116,63.158,214.803,1.459,0
105,98.133,49.781,19.958,59.788,197.187,1.511,0
106,99.589,50.14,19.923,60.134,206.206,1.255,0
107,98.1,49.729,20.21,62.275,180.651,1.767,0
108,99.322,49.841,19.843,60.395,210.212,1.386,0
109,101.681,50.261,19.88,56.119,211.75,1.422,0
110,96.545,50.168,20.032,57.561,200.239,1.683,0
111,100.869,50.297,20.059,60.705,204.47,1.444,0
112,100.475,49.946,20.074,63.646,204.468,1.43,0
113,98.812,49.77,20.137,64.848,194.858,1.503,0
114,97.108,49.952,20.03,62.339,204.377,1.739,0
115,100.144,50.02,20.073,60.862,193.531,1.994,0
116,98.941,50.016,19.961,62.246,195.13,1.676,0
117,100.465,50.227,20.009,58.0,209.016,1.741,0
118,100.044,49.928,20.016,59.54,207.797,1.44,0
119,103.204,50.07,20.032,57.528,194.349,1.288,0
120,99.521,49.802,20.116,56.254,194.131,1.696,0
121,97.953,50.09,20.083,61.001,194.835,1.551,0
122,100.359,50.001,20.007,60.557,205.861,1.073,0
123,100.44,49.85,19.879,62.063,192.0,1.402,0
124,102.718,49.953,20.01,61.638,202.854,1.475,0
125,101.67,49.963,19.996,60.728,205.975,1.347,0
126,100.714,49.946,20.029,61.67,199.294,1.945,0
127,102.927,50.354,20.331,59.872,208.081,1.644,0
128,97.622,49.98,19.921,61.239,197.566,1.912,0
129,98.72,49.951,20.063,57.822,198.289,1.579,0
130,98.147,49.581,20.16,61.109,192.182,1.524,0
131,99.22,49.821,20.015,62.005,208.137,1.219,0
132,97.247,49.947,20.351,57.991,193.868,1.504,0
133,101.27,49.863,19.943,60.155,202.798,1.504,0
134,99.556,50.276,20.049,58.129,199.429,1.09,0
135,97.058,49.967,19.88,58.42,191.578,1.338,0
136,97.969,50.258,19.947,56.625,195.127,1.403,0
137,100.627,50.012,20.037,63.797,211.063,1.624,0
138,101.676,50.007,20.127,63.197,201.613,1.638,0
139,103.993,49.982,20.048,61.612,191.927,1.326,0
140,105.828,50.001,20.189,65.917,202.443,1.641,0
141,100.829,50.344,19.986,59.432,198.831,1.445,0
142,98.021,49.536,19.95,69.095,227.632,0.639,0
143,95.736,49.6,20.406,59.317,202.281,1.355,0
144,100.535,49.891,20.059,60.766,196.955,1.824,0
145,98.374,50.003,19.892,58.807,211.36,0.995,0
146,99.169,50.138,19.896,61.117,185.272,1.534,0
147,98.776,50.095,19.859,62.507,200.755,1.976,0
148,125.456,49.923,20.14,59.658,215.955,1.272,1
149,102.132,50.204,19.945,65.33,199.07,1.501,0
150,100.314,50.206,20.019,60.717,186.134,1.109,0
151,99.683,50.037,19.99,60.811,196.833,1.988,0
152,97.929,50.193,20.11,57.273,211.636,1.475,0
153,96.651,50.055,19.873,61.255,203.009,1.514,0
154,99.027,49.888,19.839,59.598,193.289,1.906,0
155,99.892,50.14,20.034,58.175,194.518,1.698,0
156,103.536,50.022,20.09,57.671,195.522,1.237,0
157,100.261,50.0,20.05,68.015,202.89,1.306,0
158,101.965,50.295,19.879,59.21,210.706,1.648,0
159,99.001,49.51,20.102,55.629,208.419,1.313,0
160,97.63,49.716,19.888,57.905,203.648,0.865,0
161,98.07,49.763,19.922,59.845,189.347,1.484,0
162,98.55,49.927,19.858,61.64,189.377,1.056,0
163,104.257,49.949,20.195,61.664,204.266,1.985,0
164,98.357,49.699,20.095,62.03,189.236,1.553,0
165,101.677,49.803,20.091,58.065,198.195,1.228,0
166,98.194,49.828,20.187,61.021,202.433,1.29,0
167,101.863,50.491,20.422,57.372,190.899,0.933,0
168,100.77,50.36,19.744,58.141,191.806,1.17,0
169,99.687,49.918,19.889,57.247,199.247,1.805,0
170,99.918,49.927,19.908,56.435,204.029,2.17,0
171,98.69,49.77,19.872,63.193,208.492,1.718,0
172,100.892,49.618,19.838,62.066,204.856,1.472,0
173,99.09,49.977,19.955,62.93,200.589,1.37,0
174,97.549,49.8,19.818,60.118,194.03,1.213,0
175,97.444,49.983,20.05,62.33,191.433,2.118,0
176,100.345,49.68,20.008,54.716,195.913,1.443,0
177,103.158,49.848,20.072,62.589,203.279,2.135,0
178,100.32,50.03,20.076,60.531,202.693,1.918,0
179,99.763,50.073,20.09,61.881,183.201,0.978,0
180,100.572,50.083,19.944,61.14,193.715,1.3,0
181,102.612,49.736,20.318,57.039,209.636,1.299,0
182,100.439,50.171,20.035,55.506,200.634,1.476,0
183,99.178,49.84,19.721,57.864,188.664,1.482,0
184,102.213,50.127,19.85,61.695,218.847,2.399,0
185,100.858,49.998,19.739,62.07,199.768,1.177,0
186,103.072,49.725,20.003,55.896,203.075,1.569,0
187,100.366,49.937,19.982,57.057,203.196,1.685,0
188,97.551,50.073,19.93,57.83,197.059,1.5,0
189,97.264,50.123,20.302,58.928,194.179,1.533,0
190,103.302,49.972,20.082,55.914,216.973,1.187,0
191,103.447,51.64,21.162,55.734,208.026,1.532,1
192,99.641,50.202,19.86,57.534,206.575,1.653,0
193,99.234,49.949,19.85,46.598,162.125,1.598,1
194,102.923,50.15,20.006,56.458,191.973,1.671,0
195,97.786,50.387,20.026,59.653,210.22,1.924,0
196,98.211,50.392,19.722,63.176,193.255,1.781,0
197,101.287,49.754,19.973,56.095,202.266,1.521,0
198,99.211,49.815,20.002,59.381,186.885,1.148,0
199,99.99,50.297,19.968,63.074,183.673,1.32,0
200,99.673,49.788,19.878,58.745,202.546,1.434,0
201,100.675,49.735,19.919,58.279,193.527,1.576,0
202,102.815,49.903,19.973,52.688,127.909,1.357,1
203,100.181,50.084,20.014,59.081,204.325,1.219,0
204,101.288,49.98,20.091,63.313,216.961,1.144,0
205,95.9,49.87,20.162,61.287,211.116,1.005,0
206,99.903,49.865,19.956,58.971,197.941,1.43,0
207,98.314,49.858,19.932,61.439,200.071,1.059,0
208,97.562,49.824,20.066,60.961,207.102,1.2,0
209,98.244,50.456,20.092,63.063,208.977,1.382,0
210,99.332,50.06,19.935,58.355,197.252,1.099,0
211,101.832,50.177,20.119,60.124,200.273,1.614,0
212,97.347,49.902,20.147,59.815,202.405,1.722,0
213,100.061,49.963,20.194,62.112,204.431,1.335,0
214,99.032,49.857,20.267,56.924,198.935,1.369,0
215,99.345,49.47,19.87,63.051,199.039,1.661,0
216,102.006,49.724,20.002,61.399,211.039,1.286,0
217,101.076,49.638,20.002,56.049,209.676,1.265,0
218,102.675,49.55,19.985,63.625,203.819,1.859,0
219,99.691,49.761,19.903,66.702,213.753,1.765,0
220,98.608,50.265,19.777,63.006,196.908,1.68,0
221,99.552,49.991,20.014,64.281,212.984,1.778,0
222,100.485,50.258,19.885,60.256,204.34,0.907,0
223,100.353,50.082,20.013,55.015,226.168,1.906,0
224,97.831,50.157,19.881,54.468,190.46,1.618,0
225,100.181,49.82,19.835,60.765,194.485,1.803,0
226,100.456,50.105,20.035,58.224,203.35,1.616,0
227,105.035,50.146,20.023,57.256,203.178,1.515,0
228,103.754,49.885,20.087,59.812,215.601,1.417,0
229,98.294,50.112,20.328,61.847,194.653,1.61,0
230,99.425,50.113,20.042,55.642,207.239,1.406,0
231,97.073,49.89,20.073,58.653,209.3,1.76,0
232,98.819,49.775,19.838,64.53,205.637,1.024,0
233,100.631,49.763,19.807,56.774,192.312,1.338,0
234,102.412,50.017,20.237,62.609,211.262,2.113,0
235,98.542,50.065,19.861,58.546,209.835,1.312,0
236,98.692,49.841,19.843,61.637,204.797,1.428,0
237,95.705,50.005,19.994,63.292,201.635,1.235,0
238,99.675,50.114,19.986,62.224,201.809,1.601,0
239,97.875,50.124,19.865,62.727,199.37,1.279,0
240,98.941,50.31,19.954,56.545,205.126,1.444,0
241,98.246,50.255,20.184,63.341,200.249,1.755,0
242,99.811,49.8,19.879,57.442,193.212,1.29,0
243,96.485,50.337,19.791,60.779,191.611,1.737,0
244,97.066,49.894,20.141,60.775,193.984,1.747,0
245,104.258,50.209,20.074,61.455,201.777,1.816,0
246,97.425,50.014,19.907,61.011,199.784,1.542,0
247,97.806,49.918,19.763,57.469,201.723,2.472,0
248,103.674,49.638,19.888,55.95,204.007,1.816,0
249,105.81,49.966,19.992,62.617,194.981,1.597,0
250,97.657,49.688,20.175,60.558,211.725,1.237,0
251,99.264,50.193,19.845,63.448,197.858,1.471,0
252,100.683,50.303,19.987,59.866,196.533,1.928,0
253,103.457,49.841,20.101,55.785,203.859,2.013,0
254,98.026,50.06,19.643,62.898,185.308,1.943,0
255,99.509,49.855,20.155,58.889,193.676,1.736,0
256,101.555,49.874,19.823,61.026,207.849,1.123,0
257,100.87,50.155,20.05,58.058,186.101,1.646,0
258,99.248,49.992,20.037,64.933,208.941,1.128,0
259,99.732,50.348,20.163,57.37,212.089,1.054,0
260,97.25,49.904,20.083,67.783,256.73,1.572,1
261,99.524,50.2,19.643,60.322,202.335,1.657,0
262,99.467,50.019,19.882,56.723,208.953,1.771,0
263,100.464,50.159,20.021,60.992,196.266,1.649,0
264,98.889,49.911,19.971,64.836,206.942,1.659,0
265,100.943,49.99,20.072,58.529,194.631,1.205,0
266,102.025,49.977,20.118,61.185,196.179,1.469,0
267,100.311,49.833,20.091,51.752,193.605,1.048,0
268,100.704,50.132,19.968,59.883,202.741,0.899,0
269,100.106,50.13,19.723,59.061,209.264,1.722,0
270,100.0,50.119,19.932,57.545,198.527,1.274,0
271,98.557,50.307,20.062,63.244,189.83,1.762,0
272,128.348,50.29,19.836,59.021,191.338,1.833,1
273,99.805,49.925,20.095,59.468,203.157,1.314,0
274,104.186,51.319,18.903,58.868,214.753,1.677,1
275,103.147,49.875,20.019,54.25,203.15,1.302,0
276,100.772,50.005,19.54,48.346,196.905,3.411,1
277,98.474,49.88,19.808,62.883,206.129,1.537,0
278,97.775,50.324,20.283,53.67,198.084,1.359,0
279,102.382,50.073,19.918,57.701,196.974,1.368,0
280,100.525,49.956,19.702,58.801,192.332,2.093,0
281,100.96,50.239,20.185,65.231,211.268,1.042,0
282,96.511,49.566,20.002,62.306,179.686,1.615,0
283,101.855,49.597,20.166,58.328,206.383,1.202,0
284,100.909,50.159,20.042,63.914,196.29,1.772,0
285,97.779,50.012,20.069,57.778,196.717,1.59,0
286,99.057,50.05,20.054,63.027,213.539,1.614,0
287,100.527,49.735,20.105,55.923,194.287,1.217,0
288,100.105,49.995,20.342,63.22,194.559,1.27,0
289,99.416,50.401,20.146,58.782,198.957,1.778,0
290,99.793,50.165,19.763,56.914,203.311,2.031,0
291,99.496,50.034,20.067,59.349,196.465,1.644,0
292,100.305,49.912,20.171,60.832,187.409,1.231,0
293,102.943,49.921,20.18,58.516,193.074,1.602,0
294,94.867,49.574,19.936,53.663,151.47,2.228,1
295,99.526,50.052,20.175,58.251,200.598,1.531,0
296,100.353,50.169,20.139,61.861,203.609,1.939,0
297,100.592,49.685,20.386,61.327,197.909,1.278,0
298,99.256,49.868,19.887,59.817,194.724,1.487,0
299,96.487,49.769,19.924,58.676,213.421,1.686,0
300,100.656,49.807,19.954,60.455,198.494,1.619,0
301,103.455,50.011,19.926,61.651,196.453,1.27,0
302,96.932,49.583,19.866,66.185,208.769,1.257,0
303,101.728,50.123,19.586,62.818,194.221,1.796,0
304,99.343,50.151,19.935,62.928,195.242,1.857,0
305,99.877,49.95,20.055,69.266,200.082,1.954,0
306,97.894,49.504,19.926,61.548,200.002,2.041,0
307,99.331,49.801,20.29,61.454,202.077,1.54,0
308,102.6,50.247,20.002,62.112,216.733,1.407,0
309,101.165,50.754,18.823,56.973,202.69,1.905,1
310,103.465,49.93,20.039,58.668,180.976,1.714,0
311,102.355,49.764,20.124,58.481,202.61,1.205,0
312,100.878,50.161,20.042,61.943,200.303,1.19,0
313,103.488,49.865,20.205,59.477,200.348,1.648,0
314,100.878,50.081,20.008,60.415,201.968,1.447,0
315,101.656,50.113,20.074,63.262,199.771,1.492,0
316,99.407,50.367,20.055,62.589,199.579,1.822,0
317,100.133,49.959,19.957,59.515,204.904,1.728,0
318,98.605,50.075,20.061,57.99,195.663,1.899,0
319,101.979,49.703,20.335,63.406,192.419,0.921,0
320,97.643,50.238,19.959,62.322,224.19,1.576,0
321,101.565,49.848,20.063,55.181,194.273,1.708,0
322,99.619,49.888,20.189,59.061,200.801,1.042,0
323,102.342,49.996,20.171,60.497,188.035,1.304,0
324,101.502,49.687,20.002,62.336,200.932,1.248,0
325,103.641,50.046,19.642,62.73,192.534,1.507,0
326,101.462,50.193,20.078,60.852,196.46,1.988,0
327,96.856,50.059,19.667,61.756,208.361,2.107,0
328,99.866,49.682,20.22,60.192,203.776,1.256,0
329,97.656,49.975,20.025,57.978,204.547,1.658,0
330,98.963,50.148,20.15,59.216,185.83,1.668,0
331,103.022,49.624,19.865,60.057,214.695,1.616,0
332,101.275,49.785,19.767,59.896,190.465,1.62,0
333,98.602,50.175,20.039,45.989,212.228,3.582,1
334,97.973,50.054,19.995,58.808,208.172,2.006,0
335,100.066,50.082,19.926,60.169,204.619,1.831,0
336,97.567,50.372,20.013,59.156,193.16,1.182,0
337,98.658,50.094,20.415,59.26,201.213,1.739,0
338,100.624,50.132,20.125,61.464,196.233,1.768,0
339,102.311,50.542,20.157,56.763,200.232,1.594,0
340,101.218,49.957,20.127,55.116,198.001,1.839,0
341,95.417,49.84,20.222,58.955,183.691,1.556,0
342,100.609,50.086,19.971,54.445,158.785,1.56,1
343,100.144,49.04,20.827,65.063,199.351,1.536,1
344,100.828,49.895,19.972,62.346,196.122,0.895,0
345,103.232,49.794,20.122,55.595,195.517,1.476,0
346,95.874,50.462,19.855,59.303,202.868,1.3,0
347,98.818,50.065,19.974,60.77,192.85,1.144,0
348,101.182,49.854,19.896,60.533,181.959,1.93,0
349,96.837,50.183,20.225,61.618,203.257,1.651,0
350,102.952,49.978,20.112,57.249,204.153,1.491,0
351,100.737,49.949,20.098,60.195,198.403,1.331,0
352,101.693,50.112,20.093,61.261,190.817,1.589,0
353,98.858,49.742,19.994,62.477,200.711,1.797,0
354,101.628,50.071,20.03,57.583,188.284,1.252,0
355,102.137,50.383,19.822,58.965,191.782,1.499,0
356,100.466,50.093,19.672,51.889,193.994,1.76,0
357,100.469,49.925,20.023,58.136,206.752,0.919,0
358,100.541,49.899,20.049,58.427,197.099,1.483,0
359,98.273,49.918,20.181,56.941,196.417,1.371,0
360,99.705,49.949,20.236,60.497,215.638,1.46,0
361,99.695,49.924,20.235,59.832,202.82,1.35,0
362,100.767,50.183,19.85,53.222,202.712,1.541,0
363,102.0,49.653,19.947,60.647,197.042,2.077,0
364,97.883,50.172,20.072,57.215,195.229,1.403,0
365,99.75,49.924,20.38,61.457,182.509,1.588,0
366,102.963,50.075,20.222,56.154,207.75,2.098,0
367,98.513,49.775,20.168,60.09,203.586,1.335,0
368,98.355,50.266,19.942,59.151,198.567,2.044,0
369,100.405,50.249,19.868,60.909,198.902,1.502,0
370,101.689,50.192,20.118,60.374,205.889,2.035,0
371,100.023,49.697,19.835,59.235,187.562,1.725,0
372,102.658,50.166,19.964,55.391,195.281,1.592,0
373,101.714,50.081,19.983,55.568,190.91,1.48,0
374,101.684,49.679,20.239,58.248,214.172,1.313,0
375,101.108,49.995,19.947,51.694,207.005,4.848,1
376,104.655,50.073,19.634,58.175,182.378,1.769,0
377,99.59,50.111,20.076,61.876,187.89,1.496,0
378,95.993,50.035,19.895,59.162,198.941,1.405,0
379,103.209,50.058,20.006,57.105,196.22,1.425,0
380,99.085,50.295,19.987,59.166,189.405,1.798,0
381,100.216,50.245,19.959,60.678,215.558,1.868,0
382,102.619,49.427,20.119,60.975,202.5,1.3,0
383,96.795,49.937,19.77,65.635,203.799,1.299,0
384,97.497,49.967,19.922,57.993,194.464,1.614,0
385,96.797,49.65,20.103,59.78,205.778,1.958,0
386,98.412,50.019,19.908,61.278,196.957,1.844,0
387,100.879,50.25,19.759,59.93,197.733,1.124,0
388,101.048,49.783,20.1,58.498,204.888,1.421,0
389,100.553,50.067,20.168,55.352,186.968,1.221,0
390,97.174,49.817,19.993,58.467,212.776,1.42,0
391,95.38,49.866,19.706,41.28,201.459,4.89,1
392,100.109,50.295,20.106,54.82,210.248,1.073,0
393,119.964,49.891,19.751,57.613,191.397,1.014,1
394,100.919,50.092,20.046,56.859,192.615,1.251,0
395,101.404,49.626,19.867,61.751,190.705,1.586,0
396,100.276,50.372,19.826,61.803,202.002,1.686,0
397,101.52,50.121,19.934,57.288,200.528,1.631,0
398,100.458,49.964,19.973,59.219,196.285,1.853,0
399,101.06,50.115,19.903,54.425,191.887,0.971,0
400,98.591,49.718,20.088,58.517,189.867,1.857,0
401,99.641,50.237,19.933,61.197,199.612,1.406,0
402,100.394,49.935,20.147,62.475,196.275,1.719,0
403,101.641,49.959,20.042,57.861,194.515,1.103,0
404,99.213,49.902,19.895,63.156,212.377,1.501,0
405,101.042,49.884,19.87,55.453,199.341,1.571,0
406,123.867,50.139,19.753,56.257,210.16,1.847,1
407,99.765,50.051,20.044,62.129,195.734,1.024,0
408,101.659,50.13,19.947,65.013,201.958,1.509,0
409,96.014,49.998,19.644,61.48,199.556,1.174,0
410,97.407,50.103,19.92,59.879,186.419,1.652,0
411,97.036,49.916,19.865,53.414,211.427,1.733,0
412,95.333,50.446,20.236,53.933,198.919,1.886,0
413,98.643,49.686,19.745,60.388,205.971,1.339,0
414,101.499,50.252,19.784,58.926,193.984,1.778,0
415,99.43,50.274,20.166,56.682,198.681,1.908,0
416,100.396,49.83,20.204,60.197,193.065,1.007,0
417,102.178,50.446,19.888,60.345,209.888,1.684,0
418,102.655,50.199,19.905,62.833,202.491,1.788,0
419,99.862,50.194,20.092,60.41,202.936,1.422,0
420,102.707,50.006,19.651,63.685,210.865,1.137,0
421,100.184,49.957,19.721,60.024,209.251,1.783,0
422,98.325,49.958,19.958,59.654,206.123,1.14,0
423,98.811,48.793,21.135,63.193,188.626,1.446,1
424,97.039,50.28,19.935,57.065,194.435,1.488,0
425,98.224,50.036,20.015,68.443,191.969,1.715,0
426,99.284,49.818,20.17,52.379,205.82,3.221,1
427,101.607,50.165,20.316,61.142,201.365,1.295,0
428,103.442,51.18,20.655,61.575,188.876,1.53,1
429,97.236,50.131,19.997,65.631,198.49,1.802,0
430,100.786,50.149,20.273,62.378,188.047,2.186,0
431,97.919,49.946,19.772,55.185,199.575,1.048,0
432,100.949,49.814,20.154,64.21,186.757,1.595,0
433,99.738,49.826,19.847,58.977,204.231,1.174,0
434,96.338,49.673,20.015,60.321,203.024,1.806,0
435,101.857,50.047,19.964,56.162,215.264,1.218,0
436,98.79,50.939,21.127,61.579,206.783,1.298,1
437,98.932,49.912,19.853,58.046,196.617,1.323,0
438,97.86,49.409,20.041,60.301,206.545,1.477,0
439,98.691,49.751,20.149,59.148,188.819,1.597,0
440,100.856,50.224,19.981,65.775,192.3,1.645,0
441,99.622,49.867,20.011,65.947,202.665,1.498,0
442,100.657,50.072,20.086,60.14,182.734,1.101,0
443,100.724,49.722,19.854,60.192,199.703,1.718,0
444,102.641,50.288,20.111,58.88,191.838,1.484,0
445,99.314,49.971,20.123,63.318,200.81,1.849,0
446,97.046,50.058,20.391,59.013,191.378,1.288,0
447,102.134,50.465,19.944,58.736,203.394,1.019,0
448,99.337,50.303,19.931,62.936,200.155,1.49,0
449,102.229,49.939,20.115,58.385,211.203,1.889,0
450,100.767,49.881,20.123,59.887,200.054,1.548,0
451,99.738,49.935,19.92,55.256,193.851,1.44,0
452,100.698,50.102,19.94,62.113,198.025,1.239,0
453,103.902,49.979,20.081,65.823,189.246,2.027,0
454,104.154,48.522,20.812,62.164,203.249,1.191,1
455,100.139,50.293,19.938,64.385,204.719,1.282,0
456,100.32,49.977,20.013,57.462,219.754,1.671,0
457,102.152,50.46,20.149,60.709,195.025,0.943,0
458,98.309,50.018,19.909,57.171,197.858,1.882,0
459,100.666,50.357,19.724,59.317,195.394,1.687,0
460,99.948,50.071,19.713,62.317,201.697,1.77,0
461,100.628,50.193,19.811,60.305,203.054,1.667,0
462,98.333,49.855,19.803,55.762,199.573,1.452,0
463,96.821,49.829,19.977,56.055,208.691,1.181,0
464,95.854,50.092,19.822,55.857,195.064,1.458,0
465,97.765,50.198,19.895,61.474,207.889,1.207,0
466,99.083,50.008,19.884,66.192,204.308,1.646,0
467,99.414,49.743,19.934,64.087,199.904,1.742,0
468,103.874,49.728,20.198,54.312,197.481,1.943,0
469,102.212,49.715,20.099,64.263,219.413,1.612,0
470,98.076,49.646,20.002,62.809,193.464,1.777,0
471,100.695,50.022,19.931,55.364,202.383,1.411,0
472,99.186,50.225,19.935,59.09,193.998,1.357,0
473,99.431,49.997,20.049,63.287,214.285,1.642,0
474,100.371,49.548,20.088,61.651,207.095,1.384,0
475,101.238,49.962,19.864,56.073,194.573,1.581,0
476,99.321,49.967,20.005,61.832,204.101,1.182,0
477,102.128,50.419,19.695,53.587,202.062,1.236,0
478,97.716,49.709,20.032,59.332,195.867,1.691,0
479,100.013,49.922,20.114,63.414,206.065,1.766,0
480,105.195,50.341,19.958,60.055,203.114,1.204,0
481,100.446,50.09,20.272,58.503,201.726,1.701,0
482,102.866,50.113,19.868,62.668,199.665,1.34,0
483,100.183,50.023,20.033,62.924,203.448,1.505,0
484,101.162,50.066,19.995,63.93,201.835,1.925,0
485,99.886,50.156,19.985,62.623,200.473,1.742,0
486,99.659,49.838,19.983,63.244,194.872,1.739,0
487,98.441,50.176,20.016,62.199,213.55,2.073,0
488,100.861,49.725,20.127,60.797,191.597,1.289,0
489,98.297,50.066,20.207,60.269,203.421,1.204,0
490,101.331,50.036,20.0,59.288,197.438,1.283,0
491,102.171,49.877,20.122,56.363,214.076,1.424,0
492,100.733,49.995,19.895,57.134,192.772,0.794,0
493,99.428,49.875,20.115,59.154,194.118,1.438,0
494,72.607,49.786,19.886,60.724,192.241,1.337,1
495,99.383,49.929,20.164,64.322,202.588,1.735,0
496,101.871,49.779,20.332,59.875,189.016,1.606,0
497,96.337,50.065,19.982,63.01,196.172,1.32,0
498,99.329,49.77,19.671,63.238,182.781,1.677,0
499,96.018,50.142,19.918,59.306,201.923,1.717,0
500,97.01,49.764,20.185,61.784,195.998,1.269,0
501,102.728,49.887,20.083,59.269,188.096,1.352,0
502,101.79,49.875,20.037,63.966,208.685,0.832,0
503,98.561,50.265,20.151,61.908,189.539,1.173,0
504,96.995,50.066,20.073,56.429,206.376,1.277,0
505,94.071,49.958,20.183,60.485,194.392,1.522,0
506,98.913,50.1,20.138,64.944,212.813,1.216,0
507,104.841,49.579,20.228,59.456,205.996,1.346,0
508,100.87,49.991,20.054,61.343,191.936,1.132,0
509,98.881,50.4,20.136,61.638,192.663,1.551,0
510,100.93,50.026,19.954,56.89,204.844,1.628,0
511,96.878,50.014,19.91,61.532,197.901,1.621,0
512,99.405,50.11,20.256,55.818,198.645,1.504,0
513,100.199,50.179,20.032,58.123,210.178,1.038,0
514,99.828,49.601,20.121,63.227,194.01,1.314,0
515,101.582,49.664,20.019,61.07,200.73,1.378,0
516,100.689,50.042,19.912,59.087,207.637,1.379,0
517,101.337,49.857,20.002,61.339,206.473,1.522,0
518,98.623,50.262,20.215,59.82,198.723,1.928,0
519,101.796,49.937,20.083,60.038,197.689,1.744,0
520,103.258,49.613,19.743,61.97,186.089,1.204,0
521,98.06,49.746,19.968,57.818,191.55,1.704,0
522,98.225,49.45,20.267,60.121,202.547,1.692,0
523,102.672,49.953,19.968,59.063,198.897,1.258,0
524,99.617,49.962,19.73,55.243,200.599,1.755,0
525,102.808,49.915,20.284,57.239,208.314,1.452,0
526,99.115,50.216,20.102,64.705,190.501,1.077,0
527,102.91,50.24,19.989,61.154,198.111,1.637,0
528,100.263,49.966,19.944,40.758,201.51,4.835,1
529,100.516,49.573,20.162,55.379,194.367,1.432,0
530,103.129,50.123,19.919,59.664,211.452,1.489,0
531,99.276,50.111,20.172,64.684,207.269,1.284,0
532,98.118,50.062,20.081,59.44,202.321,1.683,0
533,99.103,50.196,20.037,63.921,214.354,1.487,0
534,100.905,49.767,20.022,61.056,188.009,1.55,0
535,96.868,50.402,19.974,61.414,199.938,1.607,0
536,101.275,49.808,20.157,55.993,202.931,1.154,0
537,98.922,50.15,19.87,62.813,192.684,1.232,0
538,102.296,49.663,19.757,58.995,202.406,0.837,0
539,95.211,49.814,20.092,62.589,191.147,1.669,0
540,98.427,50.303,20.095,57.557,205.524,1.136,0
541,96.627,49.948,20.072,60.531,208.463,1.54,0
542,98.348,50.168,20.061,61.056,202.179,1.611,0
543,100.495,50.047,19.952,59.538,185.178,1.681,0
544,99.642,49.979,20.118,61.214,192.266,1.139,0
545,99.493,50.273,19.993,59.201,204.518,1.48,0
546,99.682,49.953,19.927,58.053,200.17,2.001,0
547,100.407,49.644,19.953,64.816,178.448,2.014,0
548,72.077,49.839,20.303,63.147,209.943,1.796,1
549,101.414,50.11,19.74,57.717,201.093,1.601,0
550,101.325,50.079,20.075,61.705,193.447,1.198,0
551,100.77,49.687,19.748,57.772,207.96,1.716,0
552,101.113,49.855,19.984,56.446,194.58,1.453,0
553,100.593,49.884,19.935,63.101,194.492,1.668,0
554,104.07,49.927,19.687,54.888,202.867,1.31,0
555,99.826,49.725,20.058,62.781,214.248,1.448,0
556,99.386,49.874,19.943,59.242,212.989,1.549,0
557,98.493,49.854,19.685,59.365,202.878,1.574,0
558,97.935,50.154,20.126,48.616,203.699,4.988,1
559,97.511,50.162,20.215,61.744,206.332,1.326,0
560,123.309,49.971,20.224,57.521,189.944,1.097,1
561,99.859,49.922,20.054,62.153,205.153,1.987,0
562,100.669,50.028,20.007,60.34,194.127,2.247,0
563,100.102,49.837,20.199,56.232,202.548,1.634,0
564,98.469,49.771,20.252,59.49,198.18,1.103,0
565,101.8,49.812,20.17,64.144,204.01,1.268,0
566,101.479,49.873,19.859,65.03,200.945,1.653,0
567,99.681,49.767,20.03,62.152,175.416,1.902,0
568,98.694,50.032,20.066,56.429,201.431,1.136,0
569,101.097,50.146,19.729,61.472,205.137,1.463,0
570,100.376,49.683,20.07,62.553,203.567,1.559,0
571,97.104,50.005,20.341,62.177,199.179,1.759,0
572,99.864,49.956,20.096,62.355,213.137,1.397,0
573,100.524,50.068,20.221,61.09,202.491,1.031,0
574,98.201,49.997,20.027,59.783,203.501,1.686,0
575,100.38,49.709,19.989,58.175,208.356,1.837,0
576,97.09,49.748,20.057,54.306,202.901,1.475,0
577,102.672,50.006,19.878,61.019,192.816,1.622,0
578,102.496,50.206,19.855,60.558,180.493,1.358,0
579,99.495,49.557,20.19,61.673,196.183,1.246,0
580,100.727,50.069,20.206,55.987,206.088,1.808,0
581,95.18,50.238,19.851,61.935,197.175,1.616,0
582,97.687,49.969,20.145,66.164,206.409,1.647,0
583,99.412,50.11,19.987,60.235,201.19,1.951,0
584,97.856,49.859,20.051,59.815,210.305,1.184,0
585,101.429,49.976,20.069,60.927,197.638,1.334,0
586,103.995,49.676,20.149,66.097,203.741,1.547,0
587,97.647,49.531,20.012,56.929,204.047,1.331,0
588,98.325,50.189,20.212,60.61,212.013,1.735,0
589,100.471,49.803,20.046,57.601,186.347,1.444,0
590,103.222,49.909,20.094,58.359,196.333,1.202,0
591,97.555,49.723,19.875,59.851,206.788,1.52,0
592,100.498,49.718,20.324,64.042,212.367,1.551,0
593,103.643,51.147,20.731,65.403,201.921,1.78,1
594,96.696,49.854,20.107,61.344,197.658,1.618,0
595,97.438,50.076,19.759,58.87,206.057,1.638,0
596,99.153,50.091,19.877,67.478,206.95,1.596,0
597,98.959,50.064,20.186,58.717,197.123,1.444,0
598,101.625,50.048,20.043,58.287,202.642,1.285,0
599,100.483,50.316,19.713,54.675,209.444,1.587,0
600,96.45,49.786,20.156,64.188,215.124,1.4,0
601,101.031,49.989,19.918,62.905,205.941,2.007,0
602,98.845,50.227,20.212,67.253,200.353,1.903,0
603,102.549,50.253,19.987,55.831,199.567,1.69,0
604,98.745,49.716,20.031,64.375,204.459,1.614,0
605,98.727,49.938,20.177,60.21,199.075,1.474,0
606,101.082,50.272,19.865,62.418,201.517,1.122,0
607,101.526,50.102,19.851,55.057,191.537,1.435,0
608,100.896,50.039,19.971,64.404,210.376,1.53,0
609,96.629,49.956,20.124,62.36,190.879,1.569,0
610,101.076,49.923,19.8,59.883,196.543,1.641,0
611,97.931,50.058,19.75,61.935,200.781,1.776,0
612,100.471,49.95,20.124,57.704,215.928,1.292,0
613,80.039,49.991,19.91,58.262,196.619,1.295,1
614,100.893,50.016,19.941,58.61,194.672,1.935,0
615,98.387,49.864,19.721,54.442,195.593,1.731,0
616,97.435,50.106,19.898,62.585,213.271,1.383,0
617,101.428,50.583,19.999,63.575,177.501,1.468,0
618,100.483,49.645,20.14,57.896,191.978,1.469,0
619,98.772,50.065,19.884,61.045,221.85,1.509,0
620,102.902,49.848,20.249,59.203,204.727,1.642,0
621,99.119,50.115,19.897,60.985,191.152,2.26,0
622,100.064,50.009,19.898,58.117,199.665,1.557,0
623,100.538,50.152,20.231,57.35,200.54,1.699,0
624,98.761,50.235,20.032,63.156,206.769,0.994,0
625,100.942,50.038,19.917,59.808,214.716,1.355,0
626,98.933,50.226,19.977,66.066,203.108,1.869,0
627,99.177,49.531,20.203,60.139,195.682,1.621,0
628,102.725,50.318,20.22,57.222,206.297,0.183,0
629,97.919,50.075,19.877,70.902,229.174,1.702,1
630,95.174,50.216,19.994,61.892,191.733,2.075,0
631,103.222,49.756,20.014,62.181,185.921,0.901,0
632,105.099,49.834,19.852,63.572,187.479,1.956,0
633,99.189,50.029,19.992,58.042,192.828,0.668,0
634,96.126,49.997,20.001,59.618,190.578,1.781,0
635,99.379,50.057,20.171,59.486,202.506,1.497,0
636,99.428,50.217,20.181,56.128,190.405,0.795,0
637,99.62,49.647,19.951,59.209,174.851,1.634,0
638,97.773,50.195,19.968,64.009,191.649,1.845,0
639,101.159,50.002,20.1,60.712,196.225,1.609,0
640,101.049,49.959,19.912,55.962,195.156,1.675,0
641,97.011,49.706,20.088,62.587,265.017,1.376,1
642,101.398,50.101,19.987,64.994,195.092,0.942,0
643,104.105,49.517,19.855,59.729,207.047,1.708,0
644,100.344,50.13,19.856,58.058,199.848,2.025,0
645,99.325,49.702,20.217,59.178,199.662,1.839,0
646,99.716,50.011,19.977,55.568,193.317,0.904,0
647,101.231,49.976,20.246,64.269,199.53,1.046,0
648,96.539,50.234,19.923,58.821,193.879,1.246,0
649,100.329,49.964,20.044,75.778,230.969,1.022,1
650,99.219,49.861,20.359,60.155,198.11,1.513,0
651,103.696,49.899,19.841,64.289,192.443,1.618,0
652,99.652,50.255,19.715,60.77,207.935,1.071,0
653,103.336,50.107,20.193,62.56,203.415,1.733,0
654,97.793,49.923,19.876,62.157,196.415,1.68,0
655,101.175,49.953,19.997,61.87,201.164,1.336,0
656,100.639,49.687,19.912,61.044,199.329,1.448,0
657,98.262,50.991,21.133,59.301,193.059,0.915,1
658,100.355,49.648,19.857,65.746,200.564,1.4,0
659,102.425,50.15,19.973,57.279,195.032,1.502,0
660,99.352,50.026,20.067,60.013,192.441,1.551,0
661,96.616,50.477,19.849,60.045,187.018,1.614,0
662,99.965,49.78,19.895,61.207,197.131,1.573,0
663,98.195,49.979,19.948,58.712,204.536,1.421,0
664,99.315,50.36,19.786,60.944,194.443,1.586,0
665,99.837,50.238,19.937,59.493,220.166,1.801,0
666,96.589,49.861,20.018,55.254,207.085,1.471,0
667,96.769,50.045,19.94,60.029,210.435,1.595,0
668,100.964,50.0,19.959,56.698,206.362,1.444,0
669,98.955,50.056,19.997,54.797,214.823,1.306,0
670,94.871,49.86,19.902,60.411,193.704,1.657,0
671,101.57,49.036,18.754,61.464,179.514,1.333,1
672,100.545,49.68,20.215,61.58,196.431,1.616,0
673,98.572,50.027,19.93,61.702,204.466,1.508,0
674,97.366,50.09,20.073,54.202,201.212,1.409,0
675,101.672,49.955,19.964,55.917,202.204,1.402,0
676,100.699,49.677,20.055,65.921,210.567,1.348,0
677,104.765,50.198,20.235,56.858,203.056,1.006,0
678,100.84,50.073,20.076,61.833,206.391,1.615,0
679,100.775,49.855,19.734,57.939,192.483,1.569,0
680,99.666,49.944,20.068,60.239,191.237,1.755,0
681,101.634,49.7,20.185,58.1,212.913,1.341,0
682,101.25,49.795,19.967,61.685,200.807,2.069,0
683,102.503,49.892,20.149,60.41,195.014,1.386,0
684,98.957,50.246,19.896,58.655,195.029,1.237,0
685,99.129,49.872,19.777,56.849,194.807,1.202,0
686,99.042,50.128,20.021,60.803,194.328,0.98,0
687,101.582,49.892,19.737,56.362,189.735,1.96,0
688,86.072,50.05,19.964,61.282,187.997,1.911,1
689,99.082,49.972,20.193,67.879,198.44,1.68,0
690,99.15,50.175,19.714,64.051,195.257,1.231,0
691,100.628,49.893,19.808,62.155,208.857,2.043,0
692,99.508,49.685,19.845,46.821,145.572,1.394,1
693,101.904,49.724,19.991,54.184,202.123,1.419,0
694,95.496,49.894,19.945,56.033,194.055,1.931,0
695,98.347,49.75,20.21,49.284,199.032,3.306,1
696,98.435,50.082,20.143,57.631,202.888,2.16,0
697,95.359,49.907,20.074,69.447,263.228,1.575,1
698,98.073,50.475,20.022,59.503,199.249,1.381,0
699,98.17,49.652,20.059,56.814,208.633,1.316,0
700,99.598,50.041,19.871,56.32,200.064,0.946,0
701,102.226,49.774,20.129,59.849,206.343,1.416,0
702,99.51,49.901,19.833,57.325,196.081,1.843,0
703,97.938,50.028,20.125,57.777,185.499,1.68,0
704,99.886,49.535,20.178,57.656,202.147,1.506,0
705,102.098,50.047,20.032,61.567,205.803,1.202,0
706,98.048,50.381,19.974,59.304,204.603,1.568,0
707,98.179,49.909,20.06,59.464,203.377,1.804,0
708,101.117,50.052,19.571,61.791,197.211,1.629,0
709,99.557,50.205,20.045,59.574,193.546,1.55,0
710,101.295,49.967,19.983,59.165,204.414,1.261,0
711,99.973,49.884,19.992,61.411,203.412,1.76,0
712,101.403,49.545,20.106,62.005,195.513,0.56,0
713,97.93,50.128,19.989,59.559,208.875,1.615,0
714,99.976,49.977,19.829,60.242,192.937,2.271,0
715,99.579,49.797,19.979,57.655,195.332,1.047,0
716,97.568,50.025,20.01,57.418,213.091,1.428,0
717,96.873,49.883,20.017,62.307,206.949,1.498,0
718,101.371,49.894,20.024,61.335,197.136,1.361,0
719,99.298,50.121,20.156,61.366,202.299,1.811,0
720,97.955,49.732,19.837,60.843,201.238,1.642,0
721,99.808,50.209,20.026,60.139,178.035,1.546,0
722,102.256,49.72,20.193,62.089,192.748,1.739,0
723,95.439,49.867,19.74,62.805,199.593,1.505,0
724,97.007,50.385,20.027,62.734,197.147,2.454,0
725,98.154,48.989,19.282,59.698,201.977,1.545,1
726,102.922,50.02,19.944,64.161,209.036,1.559,0
727,100.565,49.812,19.864,60.685,197.428,0.987,0
728,101.535,49.894,19.975,61.897,191.539,1.337,0
729,97.72,48.65,19.603,60.846,202.599,1.844,1
730,97.761,50.008,19.81,47.969,144.23,1.099,1
731,100.896,49.982,19.825,57.793,198.751,0.853,0
732,100.117,49.994,19.805,62.104,197.666,1.51,0
733,101.097,49.957,20.259,68.536,217.935,1.911,0
734,99.625,49.712,19.931,58.876,182.074,1.513,0
735,100.556,49.897,19.996,60.213,196.893,1.399,0
736,100.316,50.183,19.94,58.661,199.97,0.942,0
737,101.556,49.726,19.858,58.536,193.751,1.636,0
738,101.614,49.962,19.965,64.633,207.199,1.698,0
739,96.76,49.836,20.369,57.981,206.506,0.965,0
740,95.505,50.022,20.209,58.578,199.618,1.84,0
741,102.003,49.922,19.872,55.238,197.835,1.73,0
742,102.375,50.295,20.097,57.727,199.104,1.84,0
743,97.959,50.101,19.875,54.875,199.162,1.675,0
744,96.28,49.738,19.734,61.895,199.373,1.696,0
745,100.198,50.134,20.153,68.399,198.496,1.656,0
746,101.862,49.845,20.174,58.9,202.02,1.761,0
747,103.595,49.885,20.157,55.0,206.026,0.954,0
748,101.033,50.063,19.93,62.7,190.158,1.05,0
749,99.257,49.902,19.975,57.819,191.595,1.279,0
750,98.214,50.179,20.112,63.898,186.012,1.461,0
751,100.023,49.845,20.059,59.154,206.931,1.616,0
752,99.401,49.876,19.941,58.105,202.003,1.597,0
753,97.97,49.869,19.757,59.466,204.042,1.835,0
754,104.098,49.887,20.017,62.273,188.564,1.845,0
755,103.57,50.22,20.162,59.318,214.28,1.238,0
756,102.272,50.126,19.82,58.51,195.129,1.572,0
757,98.158,50.342,20.096,59.404,201.346,1.246,0
758,101.71,50.454,20.05,56.184,206.835,1.444,0
759,101.279,49.794,20.113,61.191,192.104,1.597,0
760,100.885,50.014,20.131,54.64,195.629,0.477,0
761,102.499,49.765,19.896,58.668,201.433,2.223,0
762,101.271,49.844,19.757,62.278,222.86,1.67,0
763,101.48,49.874,19.92,60.909,202.409,1.321,0
764,101.274,49.789,20.133,61.771,212.851,2.078,0
765,100.682,49.79,19.919,59.805,209.645,1.396,0
766,96.433,49.971,19.896,63.509,202.944,1.54,0
767,100.167,49.757,19.727,48.837,192.086,3.075,1
768,98.888,50.168,20.263,61.338,208.478,1.996,0
769,97.44,49.816,20.124,62.783,188.015,1.469,0
770,103.364,50.562,20.115,62.251,212.807,1.545,0
771,103.458,49.91,20.145,58.682,201.6,1.861,0
772,102.718,50.014,20.087,55.968,178.798,1.676,0
773,100.51,49.741,19.963,61.261,197.276,1.484,0
774,102.701,50.341,19.975,61.638,205.232,1.833,0
775,100.024,50.224,19.936,63.271,198.104,2.262,0
776,100.406,50.059,20.395,46.559,158.167,1.595,1
777,97.813,49.731,20.083,57.281,193.2,1.535,0
778,100.794,50.042,19.93,61.38,189.552,1.551,0
779,100.121,49.776,20.07,59.786,199.428,1.893,0
780,97.395,50.292,19.848,54.343,200.253,1.32,0
781,99.898,50.162,20.226,61.125,197.213,1.417,0
782,99.841,50.019,19.901,54.443,209.818,1.039,0
783,103.595,49.513,20.075,41.153,193.198,3.504,1
784,101.788,49.803,20.16,64.055,202.505,1.345,0
785,100.023,50.138,20.058,65.475,200.544,1.483,0
786,100.498,50.243,20.014,56.353,187.546,2.031,0
787,100.088,50.222,20.002,59.012,189.448,1.661,0
788,99.594,49.682,19.992,60.128,200.095,1.226,0
789,97.835,50.06,19.913,65.344,215.85,1.282,0
790,99.698,50.203,19.933,58.521,204.634,1.912,0
791,98.508,49.668,20.222,58.569,186.195,1.838,0
792,97.499,49.998,19.984,64.646,175.116,1.508,0
793,101.022,50.055,19.882,58.876,205.864,1.367,0
794,100.783,49.94,19.923,62.167,199.23,1.837,0
795,96.427,49.63,20.165,55.569,209.13,1.202,0
796,99.755,49.935,20.101,59.486,192.954,1.618,0
797,101.991,49.935,20.084,55.021,202.802,2.182,0
798,102.118,49.97,19.961,56.834,206.769,1.562,0
799,102.052,49.887,20.086,62.518,196.42,1.267,0
800,100.078,49.911,19.903,59.85,196.591,1.623,0
801,98.31,49.992,19.961,59.043,200.202,1.359,0
802,97.833,50.088,20.145,57.754,204.341,1.082,0
803,100.689,49.939,20.131,59.338,199.885,1.71,0
804,100.759,49.918,19.853,60.903,207.792,1.835,0
805,102.575,50.018,19.872,62.949,196.305,1.407,0
806,102.2,49.616,20.016,52.125,189.373,1.387,0
807,99.736,50.095,20.259,57.505,215.816,1.212,0
808,97.512,50.0,19.713,60.477,195.163,1.455,0
809,99.362,50.008,20.042,59.703,195.452,1.331,0
810,100.434,50.192,19.794,71.382,258.373,1.197,1
811,99.596,49.609,19.905,60.803,200.537,2.068,0
812,98.844,49.605,19.945,59.085,196.907,1.64,0
813,100.506,50.055,19.937,58.419,199.861,1.672,0
814,98.992,49.999,19.92,59.263,199.682,1.765,0
815,98.744,50.034,20.001,63.446,201.399,1.731,0
816,100.623,49.908,19.92,57.804,181.14,1.376,0
817,99.196,50.133,19.781,59.812,215.047,1.582,0
818,100.488,50.187,20.117,60.55,198.822,1.419,0
819,100.546,50.097,20.113,64.681,204.645,1.632,0
820,97.721,49.948,20.126,59.099,188.975,1.603,0
821,99.038,49.578,19.769,62.876,196.232,1.385,0
822,102.876,50.154,20.045,63.696,194.621,1.101,0
823,97.676,50.244,20.101,59.809,211.758,1.544,0
824,95.767,50.129,19.845,59.368,195.313,1.439,0
825,96.276,49.824,20.001,59.013,206.065,0.933,0
826,100.058,50.135,19.983,59.233,194.797,1.652,0
827,100.062,50.172,20.276,62.563,196.379,1.79,0
828,99.765,50.312,20.289,60.693,198.036,2.259,0
829,102.428,49.825,19.75,60.706,210.271,1.383,0
830,94.654,49.955,20.374,56.624,184.881,1.338,0
831,100.792,50.149,19.863,57.098,189.475,1.167,0
832,103.123,50.011,20.147,66.43,184.422,1.563,0
833,126.291,49.777,20.146,59.467,191.3,1.561,1
834,99.24,50.083,19.851,57.676,193.507,1.257,0
835,98.494,50.116,20.074,64.293,187.084,1.448,0
836,98.211,50.018,19.984,60.845,194.127,0.906,0
837,99.347,50.044,20.083,61.734,183.882,1.778,0
838,102.855,49.948,20.035,59.586,191.856,1.269,0
839,103.675,50.296,20.179,59.044,209.603,1.49,0
840,99.328,49.82,20.011,59.491,203.229,1.072,0
841,103.81,49.883,19.975,55.852,201.5,1.325,0
842,100.071,50.002,20.164,59.736,191.978,1.416,0
843,103.507,50.176,20.087,60.888,187.711,1.497,0
844,99.813,49.701,20.11,65.551,190.887,1.644,0
845,100.262,49.738,19.9,60.258,199.654,1.932,0
846,100.731,49.592,19.843,52.997,206.945,1.72,0
847,106.358,50.007,19.915,59.718,207.219,1.789,0
848,101.703,49.776,19.907,68.219,205.045,1.934,0
849,98.585,49.923,20.118,62.599,194.1,1.671,0
850,101.938,50.132,20.146,57.567,200.196,1.489,0
851,99.276,49.872,19.977,61.773,197.429,1.803,0
852,99.02,50.046,20.215,57.774,198.39,1.822,0
853,101.817,49.94,20.205,55.939,216.297,1.695,0
854,100.062,50.134,20.037,58.955,185.904,1.064,0
855,100.557,50.095,19.877,60.275,198.123,1.248,0
856,100.028,49.862,20.236,54.384,209.694,1.418,0
857,100.673,49.966,19.991,56.553,188.273,1.734,0
858,100.85,50.209,20.019,60.031,194.85,1.494,0
859,96.126,50.079,19.949,58.775,195.768,1.841,0
860,101.333,49.721,19.867,61.184,198.214,1.895,0
861,98.036,50.131,19.78,56.356,187.232,1.86,0
862,97.115,49.783,20.095,62.142,204.762,1.862,0
863,99.883,50.283,19.882,56.449,205.33,1.189,0
864,100.168,50.205,20.459,64.928,204.067,1.645,0
865,98.613,50.058,19.837,54.853,193.037,1.318,0
866,101.662,50.031,19.811,56.722,200.692,1.005,0
867,97.316,49.958,20.077,61.252,192.804,1.414,0
868,99.186,50.136,20.229,64.993,197.339,1.897,0
869,98.83,49.926,20.01,60.945,217.228,1.638,0
870,99.907,50.047,20.086,61.689,200.766,2.105,0
871,100.558,50.174,19.723,51.679,190.5,3.767,1
872,97.984,49.888,19.898,56.921,201.443,2.234,0
873,101.449,49.877,19.839,58.53,189.186,1.553,0
874,100.126,49.761,19.716,46.263,190.408,3.284,1
875,96.216,49.787,20.018,56.164,191.671,1.116,0
876,96.083,49.634,19.664,61.205,196.446,1.833,0
877,99.975,50.146,19.802,56.63,207.496,1.349,0
878,99.558,50.362,19.919,60.959,204.627,1.306,0
879,99.793,50.285,19.875,56.095,204.184,1.884,0
880,99.944,49.675,20.059,60.889,191.209,1.847,0
881,100.451,50.145,20.046,58.534,195.669,1.84,0
882,101.895,50.284,20.134,64.22,202.176,1.391,0
883,97.778,49.909,20.113,60.971,194.973,1.485,0
884,97.656,50.02,20.171,63.707,197.773,1.482,0
885,97.813,49.598,20.0,57.733,203.531,1.735,0
886,100.578,50.053,20.046,60.168,197.21,1.966,0
887,102.49,49.787,20.077,57.057,201.808,1.61,0
888,99.137,50.04,20.021,58.759,212.742,2.092,0
889,94.997,49.688,19.94,59.214,198.625,1.769,0
890,96.592,50.109,19.95,57.822,209.435,1.43,0
891,98.334,50.205,19.877,56.353,204.475,1.749,0
892,98.885,49.843,20.063,55.759,188.262,2.012,0
893,99.183,49.773,19.986,52.981,191.183,2.099,0
894,100.077,49.569,19.901,56.831,193.331,1.856,0
895,99.377,49.947,19.901,51.67,193.161,4.309,1
896,102.099,49.884,19.818,55.205,199.278,1.435,0
897,98.648,49.69,20.147,55.896,204.917,1.673,0
898,98.275,50.091,20.012,48.989,210.041,5.169,1
899,100.958,49.91,19.871,58.091,202.465,1.63,0
900,96.929,49.785,20.121,60.963,196.435,1.636,0
901,100.779,49.889,19.916,61.927,183.342,1.515,0
902,100.205,50.214,19.789,61.988,200.565,1.402,0
903,99.705,50.121,20.153,55.433,200.206,1.451,0
904,103.177,51.47,21.031,59.307,201.463,1.541,1
905,98.756,50.124,19.939,55.145,216.85,2.015,0
906,104.121,49.768,20.006,67.339,209.925,1.428,0
907,99.549,50.006,20.171,55.215,206.28,1.516,0
908,97.446,50.029,20.003,56.856,192.303,1.24,0
909,100.14,49.906,19.82,56.878,195.896,1.715,0
910,97.848,50.087,20.082,55.51,199.241,1.91,0
911,98.496,49.844,19.927,64.058,193.797,1.987,0
912,100.794,50.102,20.283,67.267,204.004,1.561,0
913,101.111,50.11,20.0,58.573,202.855,1.672,0
914,98.756,49.417,19.665,56.039,191.294,1.454,0
915,101.975,50.238,20.054,53.289,209.575,1.658,0
916,102.315,49.39,20.292,59.268,200.818,1.594,0
917,102.873,49.877,20.236,59.051,186.167,1.517,0
918,101.059,50.205,20.275,58.046,199.589,1.541,0
919,102.727,49.937,19.847,60.664,202.25,1.636,0
920,96.238,49.707,20.137,61.186,207.782,1.412,0
921,99.364,49.781,19.892,60.969,197.3,1.427,0
922,98.266,50.205,20.034,59.052,206.624,2.012,0
923,100.238,49.616,19.809,56.695,201.497,2.313,0
924,98.857,50.226,19.903,61.997,189.48,1.139,0
925,99.668,49.989,19.899,60.038,188.679,1.122,0
926,103.764,49.762,20.135,62.665,208.98,1.213,0
927,99.661,49.883,20.12,62.37,209.568,1.469,0
928,100.828,49.797,20.042,55.735,202.583,1.769,0
929,99.535,50.173,19.797,55.697,211.966,1.677,0
930,100.151,50.146,19.953,57.733,208.453,1.552,0
931,100.012,49.656,19.888,56.831,205.469,1.659,0
932,100.897,49.919,20.13,62.266,192.71,1.292,0
933,102.331,49.827,20.177,61.054,213.851,1.427,0
934,103.295,50.259,20.158,63.298,204.29,1.494,0
935,100.619,49.73,19.887,61.189,196.913,1.025,0
936,101.179,50.321,19.589,60.626,194.654,1.152,0
937,97.698,49.993,19.735,63.599,202.054,1.164,0
938,99.824,49.768,20.213,61.409,186.632,1.729,0
939,101.881,49.865,19.94,60.204,205.597,1.574,0
940,101.732,49.84,19.887,64.441,192.371,1.683,0
941,100.423,49.745,20.246,60.346,202.965,0.948,0
942,101.773,50.019,20.19,59.087,195.827,1.055,0
943,100.982,49.754,20.004,57.487,197.885,1.699,0
944,102.401,49.564,19.956,62.109,193.945,0.666,0
945,100.579,49.924,19.98,63.711,198.71,1.867,0
946,99.289,49.639,20.034,59.848,215.115,0.953,0
947,100.672,49.85,20.24,63.924,211.08,1.753,0
948,94.139,49.818,20.063,54.09,202.836,1.233,0
949,100.766,49.826,20.109,59.834,199.798,1.815,0
950,92.703,50.4,20.175,59.88,206.754,2.462,0
951,96.553,50.011,19.825,57.819,209.04,0.818,0
952,100.904,50.049,20.113,67.152,193.361,1.709,0
953,100.955,49.645,19.956,59.801,199.38,0.958,0
954,97.675,49.869,19.623,58.777,185.424,1.628,0
955,98.576,50.043,19.681,60.078,208.985,1.438,0
956,102.741,49.795,19.847,53.992,216.52,1.539,0
957,99.032,50.182,20.08,57.72,200.641,1.226,0
958,132.34,49.759,20.017,62.95,183.0,1.734,1
959,99.996,49.943,20.028,58.113,204.871,1.065,0
960,100.816,49.883,20.293,57.513,192.767,1.872,0
961,103.234,50.033,19.81,63.929,194.693,1.377,0
962,100.262,49.872,19.996,64.021,205.013,1.079,0
963,97.995,49.946,20.046,61.551,202.036,1.978,0
964,99.781,49.953,19.89,58.635,196.095,1.48,0
965,99.929,49.853,20.004,59.282,194.803,2.072,0
966,97.271,50.097,19.76,57.588,201.007,1.866,0
967,99.488,50.048,20.211,57.016,196.724,1.261,0
968,98.516,49.982,19.898,56.867,191.126,1.475,0
969,101.849,49.914,20.305,58.146,197.339,1.536,0
970,100.069,50.159,19.995,56.896,202.717,1.958,0
971,99.434,49.953,20.154,55.309,198.575,1.631,0
972,99.788,49.939,19.992,60.658,188.692,1.553,0
973,100.446,50.021,19.995,60.704,207.913,1.44,0
974,72.049,50.339,19.912,65.102,178.09,1.485,1
975,98.001,49.732,20.018,57.995,196.429,1.891,0
976,97.917,50.154,20.048,60.888,195.038,1.501,0
977,102.209,49.621,19.882,60.938,201.185,1.382,0
978,99.175,50.043,19.981,59.238,204.493,1.331,0
979,97.166,50.315,19.908,62.233,209.014,1.334,0
980,100.888,50.098,20.345,62.326,194.301,1.079,0
981,100.927,50.034,19.987,60.982,204.693,1.275,0
982,96.939,49.888,20.232,59.233,201.567,1.95,0
983,100.459,50.006,19.971,58.927,186.308,1.438,0
984,101.471,49.95,20.039,55.897,215.204,1.711,0
985,100.749,49.843,19.802,57.582,188.49,0.756,0
986,101.264,49.942,19.933,58.134,203.356,1.67,0
987,97.191,50.04,20.032,56.628,203.12,1.452,0
988,100.662,49.847,20.238,61.32,202.205,1.356,0
989,99.395,49.839,20.033,63.59,196.043,1.554,0
990,119.167,49.728,20.208,57.276,206.618,1.351,1
991,101.741,50.078,20.096,60.85,187.517,0.863,0
992,102.959,50.109,20.244,56.898,199.473,1.777,0
993,103.589,50.046,19.991,59.085,195.489,1.573,0
994,102.63,50.193,20.359,57.929,194.582,1.406,0
995,99.781,50.018,19.927,61.806,203.43,1.21,0
996,100.705,50.078,19.885,57.964,208.62,1.059,0
997,101.534,50.061,19.818,63.035,197.254,1.567,0
998,100.242,49.982,20.35,59.263,206.245,1.984,0
999,120.059,49.894,20.123,58.051,200.398,1.561,1
1000,101.648,50.443,19.95,56.24,192.858,1.085,0
